cod;nom;tip;nat;sin;ent;pag;rec;token
2.1.1.14.0000;EMPRESTIMOS E FINANCIAMENTOS - TERCEIROS;P;P;C;N;N;N;JDJ5JDEwJEVWb25wNHZDbmdhNW1TQnRiYmZNNmUvaGQwVEoxZjZKY1JBNWZuUVVBTUwzMkJVdS51ZmFT
2.1.1.15.0000;EMPRESTIMO - NPR;P;P;C;N;N;N;JDJ5JDEwJEVWb25wNHZDbmdhNW1TQnRiYmZNNmUvaGQwVEoxZjZKY1JBNWZuUVVBTUwzMkJVdS51ZmFT
2.1.1.16.0000;MUTUOS;P;P;C;N;N;N;JDJ5JDEwJEVWb25wNHZDbmdhNW1TQnRiYmZNNmUvaGQwVEoxZjZKY1JBNWZuUVVBTUwzMkJVdS51ZmFT
2.1.1.17.0000;CONSORCIOS;P;P;C;N;N;N;JDJ5JDEwJEVWb25wNHZDbmdhNW1TQnRiYmZNNmUvaGQwVEoxZjZKY1JBNWZuUVVBTUwzMkJVdS51ZmFT
2.1.1.18.0000;ADIANTAMENTOS USINAS;P;P;C;N;N;N;JDJ5JDEwJEVWb25wNHZDbmdhNW1TQnRiYmZNNmUvaGQwVEoxZjZKY1JBNWZuUVVBTUwzMkJVdS51ZmFT
2.1.1.19.0000;ADIANTAMENTO - NPRS;P;P;C;N;N;N;JDJ5JDEwJEVWb25wNHZDbmdhNW1TQnRiYmZNNmUvaGQwVEoxZjZKY1JBNWZuUVVBTUwzMkJVdS51ZmFT
2.1.1.20.0000;OUTRAS CONTAS A PAGAR;P;P;C;N;N;N;JDJ5JDEwJEVWb25wNHZDbmdhNW1TQnRiYmZNNmUvaGQwVEoxZjZKY1JBNWZuUVVBTUwzMkJVdS51ZmFT
2.1.1.21.0000;OBRIGACOES PARTICULARES;P;P;C;N;N;N;JDJ5JDEwJEVWb25wNHZDbmdhNW1TQnRiYmZNNmUvaGQwVEoxZjZKY1JBNWZuUVVBTUwzMkJVdS51ZmFT
2.1.1.22.0000;SEGUROS A PAGAR;P;P;C;N;N;N;JDJ5JDEwJEVWb25wNHZDbmdhNW1TQnRiYmZNNmUvaGQwVEoxZjZKY1JBNWZuUVVBTUwzMkJVdS51ZmFT
2.1.1.23.0000;ALUGUEIS A PAGAR;P;P;C;N;N;N;JDJ5JDEwJEVWb25wNHZDbmdhNW1TQnRiYmZNNmUvaGQwVEoxZjZKY1JBNWZuUVVBTUwzMkJVdS51ZmFT
2.1.1.24.0000;TARIFAS BANCARIAS;P;P;C;N;N;N;JDJ5JDEwJEVWb25wNHZDbmdhNW1TQnRiYmZNNmUvaGQwVEoxZjZKY1JBNWZuUVVBTUwzMkJVdS51ZmFT
2.1.1.25.0000;OBRIGACOES EM ANDAMENTO;P;P;C;N;N;N;JDJ5JDEwJEVWb25wNHZDbmdhNW1TQnRiYmZNNmUvaGQwVEoxZjZKY1JBNWZuUVVBTUwzMkJVdS51ZmFT
2.2.0.00.0000;PASSIVO NAO CIRCULANTE;P;P;C;N;N;N;JDJ5JDEwJEVWb25wNHZDbmdhNW1TQnRiYmZNNmUvaGQwVEoxZjZKY1JBNWZuUVVBTUwzMkJVdS51ZmFT
2.2.1.00.0000;OBRIGACOES DE LONGO PRAZO;P;P;C;N;N;N;JDJ5JDEwJEVWb25wNHZDbmdhNW1TQnRiYmZNNmUvaGQwVEoxZjZKY1JBNWZuUVVBTUwzMkJVdS51ZmFT
2.2.1.01.0000;EMPREST. /FINANC. BANCARIOS LONGO PRAZO;P;P;C;N;N;N;JDJ5JDEwJEVWb25wNHZDbmdhNW1TQnRiYmZNNmUvaGQwVEoxZjZKY1JBNWZuUVVBTUwzMkJVdS51ZmFT
2.2.1.02.0000;EMPRESTIMOS DE MUTUOS;P;P;C;N;N;N;JDJ5JDEwJEVWb25wNHZDbmdhNW1TQnRiYmZNNmUvaGQwVEoxZjZKY1JBNWZuUVVBTUwzMkJVdS51ZmFT
2.3.0.00.0000;PATRIMONIO LIQUIDO;P;P;C;N;N;N;JDJ5JDEwJEVWb25wNHZDbmdhNW1TQnRiYmZNNmUvaGQwVEoxZjZKY1JBNWZuUVVBTUwzMkJVdS51ZmFT
2.3.1.00.0000;PATRIMONIO LIQUIDO;P;P;C;N;N;N;JDJ5JDEwJEVWb25wNHZDbmdhNW1TQnRiYmZNNmUvaGQwVEoxZjZKY1JBNWZuUVVBTUwzMkJVdS51ZmFT
2.3.1.01.0000;CAPITAIS SOCIAIS SUBSCRITOS;P;P;C;N;N;N;JDJ5JDEwJEVWb25wNHZDbmdhNW1TQnRiYmZNNmUvaGQwVEoxZjZKY1JBNWZuUVVBTUwzMkJVdS51ZmFT
2.3.1.02.0000;RESERVA DE CAPITAL;P;P;C;N;N;N;JDJ5JDEwJEVWb25wNHZDbmdhNW1TQnRiYmZNNmUvaGQwVEoxZjZKY1JBNWZuUVVBTUwzMkJVdS51ZmFT
2.3.1.03.0000;RESERVA PARA REAVALIACAO;P;P;C;N;N;N;JDJ5JDEwJEVWb25wNHZDbmdhNW1TQnRiYmZNNmUvaGQwVEoxZjZKY1JBNWZuUVVBTUwzMkJVdS51ZmFT
2.3.1.04.0000;RESULTADO DO EXERCICIO;P;P;C;N;N;N;JDJ5JDEwJEVWb25wNHZDbmdhNW1TQnRiYmZNNmUvaGQwVEoxZjZKY1JBNWZuUVVBTUwzMkJVdS51ZmFT
2.3.1.04.0001;Lucro Acumulados;P;P;C;N;N;N;JDJ5JDEwJEVWb25wNHZDbmdhNW1TQnRiYmZNNmUvaGQwVEoxZjZKY1JBNWZuUVVBTUwzMkJVdS51ZmFT
2.3.1.04.0002;(-)Prejuizos Acumulados;P;P;C;N;N;N;JDJ5JDEwJEVWb25wNHZDbmdhNW1TQnRiYmZNNmUvaGQwVEoxZjZKY1JBNWZuUVVBTUwzMkJVdS51ZmFT
2.3.1.04.0003;Conta de Zeramento;P;P;C;N;N;N;JDJ5JDEwJEVWb25wNHZDbmdhNW1TQnRiYmZNNmUvaGQwVEoxZjZKY1JBNWZuUVVBTUwzMkJVdS51ZmFT
2.4.0.00.0000;REAVALIAÇÃO PATRIMONIAL;P;P;C;N;N;N;JDJ5JDEwJEVWb25wNHZDbmdhNW1TQnRiYmZNNmUvaGQwVEoxZjZKY1JBNWZuUVVBTUwzMkJVdS51ZmFT
2.4.1.00.0000;AJUSTES PATRIMONIAIS;P;P;C;N;N;N;JDJ5JDEwJEVWb25wNHZDbmdhNW1TQnRiYmZNNmUvaGQwVEoxZjZKY1JBNWZuUVVBTUwzMkJVdS51ZmFT
2.4.1.01.0000;AJUTES DE EXERCICIOS ANTERIORES;P;P;C;N;N;N;JDJ5JDEwJEVWb25wNHZDbmdhNW1TQnRiYmZNNmUvaGQwVEoxZjZKY1JBNWZuUVVBTUwzMkJVdS51ZmFT
2.4.1.01.0001;Ajute de Exercicio Anterior;P;P;C;N;N;N;JDJ5JDEwJEVWb25wNHZDbmdhNW1TQnRiYmZNNmUvaGQwVEoxZjZKY1JBNWZuUVVBTUwzMkJVdS51ZmFT
3.0.0.00.0000;RECEITAS;R;R;C;N;N;S;JDJ5JDEwJEVWb25wNHZDbmdhNW1TQnRiYmZNNmUvaGQwVEoxZjZKY1JBNWZuUVVBTUwzMkJVdS51ZmFT
3.1.1.01.0000;RECEITAS OPERACIONAIS;R;R;C;N;N;S;JDJ5JDEwJEVWb25wNHZDbmdhNW1TQnRiYmZNNmUvaGQwVEoxZjZKY1JBNWZuUVVBTUwzMkJVdS51ZmFT
3.1.1.01.0001;Venda de Cana;R;R;C;N;N;S;JDJ5JDEwJEVWb25wNHZDbmdhNW1TQnRiYmZNNmUvaGQwVEoxZjZKY1JBNWZuUVVBTUwzMkJVdS51ZmFT
3.1.1.01.0002;Fechamento de Safra;R;R;C;N;N;S;JDJ5JDEwJEVWb25wNHZDbmdhNW1TQnRiYmZNNmUvaGQwVEoxZjZKY1JBNWZuUVVBTUwzMkJVdS51ZmFT
3.1.1.01.0004;Receitas Pecuarias;R;R;C;N;N;S;JDJ5JDEwJEVWb25wNHZDbmdhNW1TQnRiYmZNNmUvaGQwVEoxZjZKY1JBNWZuUVVBTUwzMkJVdS51ZmFT
3.1.1.01.0006;Venda para funcionários (Peças e outros);R;R;C;S;N;S;JDJ5JDEwJEVWb25wNHZDbmdhNW1TQnRiYmZNNmUvaGQwVEoxZjZKY1JBNWZuUVVBTUwzMkJVdS51ZmFT
3.1.1.01.0007;Vendas para terceiros (Peças e outros);R;R;C;S;N;S;JDJ5JDEwJEVWb25wNHZDbmdhNW1TQnRiYmZNNmUvaGQwVEoxZjZKY1JBNWZuUVVBTUwzMkJVdS51ZmFT
3.1.1.01.0008;Receita Posto de Combustivel;R;R;C;S;N;S;JDJ5JDEwJEVWb25wNHZDbmdhNW1TQnRiYmZNNmUvaGQwVEoxZjZKY1JBNWZuUVVBTUwzMkJVdS51ZmFT
3.1.1.02.0000;RECEITAS PRESTACAO DE SERVICOS;R;R;C;N;N;S;JDJ5JDEwJEVWb25wNHZDbmdhNW1TQnRiYmZNNmUvaGQwVEoxZjZKY1JBNWZuUVVBTUwzMkJVdS51ZmFT
3.1.1.03.0000;RECEITAS HORAS DE MAQUINA;R;R;C;N;N;S;JDJ5JDEwJEVWb25wNHZDbmdhNW1TQnRiYmZNNmUvaGQwVEoxZjZKY1JBNWZuUVVBTUwzMkJVdS51ZmFT
3.1.1.03.0001;Horas Maquinas;R;R;C;N;N;S;JDJ5JDEwJEVWb25wNHZDbmdhNW1TQnRiYmZNNmUvaGQwVEoxZjZKY1JBNWZuUVVBTUwzMkJVdS51ZmFT
3.1.1.04.0000;RECEITAS FINANCEIRAS;R;R;C;N;N;S;JDJ5JDEwJEVWb25wNHZDbmdhNW1TQnRiYmZNNmUvaGQwVEoxZjZKY1JBNWZuUVVBTUwzMkJVdS51ZmFT
3.1.1.04.0001;Descontos Obtidos;R;R;C;N;N;S;JDJ5JDEwJEVWb25wNHZDbmdhNW1TQnRiYmZNNmUvaGQwVEoxZjZKY1JBNWZuUVVBTUwzMkJVdS51ZmFT
3.1.1.04.0002;Ressarcimentos Bancarios;R;R;C;N;N;S;JDJ5JDEwJEVWb25wNHZDbmdhNW1TQnRiYmZNNmUvaGQwVEoxZjZKY1JBNWZuUVVBTUwzMkJVdS51ZmFT
3.1.1.04.0003;Ressarcimentos Impostos;R;R;C;N;N;S;JDJ5JDEwJEVWb25wNHZDbmdhNW1TQnRiYmZNNmUvaGQwVEoxZjZKY1JBNWZuUVVBTUwzMkJVdS51ZmFT
3.1.1.04.0004;Ressarcimentos Seguros;R;R;C;N;N;S;JDJ5JDEwJEVWb25wNHZDbmdhNW1TQnRiYmZNNmUvaGQwVEoxZjZKY1JBNWZuUVVBTUwzMkJVdS51ZmFT
3.1.1.04.0005;Rendimentos BancArios;R;R;C;N;N;S;JDJ5JDEwJEVWb25wNHZDbmdhNW1TQnRiYmZNNmUvaGQwVEoxZjZKY1JBNWZuUVVBTUwzMkJVdS51ZmFT
3.1.1.04.0006;Receitas com Juros/Multa;R;R;C;N;N;S;JDJ5JDEwJEVWb25wNHZDbmdhNW1TQnRiYmZNNmUvaGQwVEoxZjZKY1JBNWZuUVVBTUwzMkJVdS51ZmFT
3.1.1.05.0000;RECEITAS PRESTACAO DE SERVICO MECANIZADA;R;R;C;N;N;S;JDJ5JDEwJEVWb25wNHZDbmdhNW1TQnRiYmZNNmUvaGQwVEoxZjZKY1JBNWZuUVVBTUwzMkJVdS51ZmFT
3.1.2.00.0000;OUTRAS RECEITAS;R;R;C;N;N;S;JDJ5JDEwJEVWb25wNHZDbmdhNW1TQnRiYmZNNmUvaGQwVEoxZjZKY1JBNWZuUVVBTUwzMkJVdS51ZmFT
3.1.2.01.0000;OUTRAS RECEITAS;R;R;C;N;N;S;JDJ5JDEwJEVWb25wNHZDbmdhNW1TQnRiYmZNNmUvaGQwVEoxZjZKY1JBNWZuUVVBTUwzMkJVdS51ZmFT
3.1.2.02.0000;OUTRAS RECEITAS;R;R;C;N;N;S;JDJ5JDEwJEVWb25wNHZDbmdhNW1TQnRiYmZNNmUvaGQwVEoxZjZKY1JBNWZuUVVBTUwzMkJVdS51ZmFT
3.1.2.02.0001;Venda Caminhoes / Carretas;R;R;C;N;N;S;JDJ5JDEwJEVWb25wNHZDbmdhNW1TQnRiYmZNNmUvaGQwVEoxZjZKY1JBNWZuUVVBTUwzMkJVdS51ZmFT
3.1.2.02.0002;Venda Maquinas / Implementos;R;R;C;N;N;S;JDJ5JDEwJEVWb25wNHZDbmdhNW1TQnRiYmZNNmUvaGQwVEoxZjZKY1JBNWZuUVVBTUwzMkJVdS51ZmFT
3.1.2.02.0003;Venda Veiculos;R;R;C;N;N;S;JDJ5JDEwJEVWb25wNHZDbmdhNW1TQnRiYmZNNmUvaGQwVEoxZjZKY1JBNWZuUVVBTUwzMkJVdS51ZmFT
3.1.2.03.0000;OUTRAS RECEITAS;R;R;C;N;N;S;JDJ5JDEwJEVWb25wNHZDbmdhNW1TQnRiYmZNNmUvaGQwVEoxZjZKY1JBNWZuUVVBTUwzMkJVdS51ZmFT
3.2.0.00.0000;RECEITA BRUTA;R;R;C;N;N;S;JDJ5JDEwJEVWb25wNHZDbmdhNW1TQnRiYmZNNmUvaGQwVEoxZjZKY1JBNWZuUVVBTUwzMkJVdS51ZmFT
3.2.1.00.0000;RECEITA BRUTA;R;R;C;N;N;S;JDJ5JDEwJEVWb25wNHZDbmdhNW1TQnRiYmZNNmUvaGQwVEoxZjZKY1JBNWZuUVVBTUwzMkJVdS51ZmFT
4.0.0.00.0000;DESPESAS;D;R;D;S;S;N;JDJ5JDEwJEVWb25wNHZDbmdhNW1TQnRiYmZNNmUvaGQwVEoxZjZKY1JBNWZuUVVBTUwzMkJVdS51ZmFT
4.1.0.00.0000;DESPESAS OPERACIONAIS;D;R;D;S;S;N;JDJ5JDEwJEVWb25wNHZDbmdhNW1TQnRiYmZNNmUvaGQwVEoxZjZKY1JBNWZuUVVBTUwzMkJVdS51ZmFT
4.1.2.00.0000;CUSTOS;D;R;D;S;S;N;JDJ5JDEwJEVWb25wNHZDbmdhNW1TQnRiYmZNNmUvaGQwVEoxZjZKY1JBNWZuUVVBTUwzMkJVdS51ZmFT
4.1.2.01.0000;CUSTO DOS SERVICOS;D;R;D;S;S;N;JDJ5JDEwJEVWb25wNHZDbmdhNW1TQnRiYmZNNmUvaGQwVEoxZjZKY1JBNWZuUVVBTUwzMkJVdS51ZmFT
4.1.2.01.0001;Salarios;D;R;D;S;S;N;JDJ5JDEwJEVWb25wNHZDbmdhNW1TQnRiYmZNNmUvaGQwVEoxZjZKY1JBNWZuUVVBTUwzMkJVdS51ZmFT
4.1.2.01.0002;Horas Extras;D;R;D;S;S;N;JDJ5JDEwJEVWb25wNHZDbmdhNW1TQnRiYmZNNmUvaGQwVEoxZjZKY1JBNWZuUVVBTUwzMkJVdS51ZmFT
4.1.2.01.0003;Ferias;D;R;D;S;S;N;JDJ5JDEwJEVWb25wNHZDbmdhNW1TQnRiYmZNNmUvaGQwVEoxZjZKY1JBNWZuUVVBTUwzMkJVdS51ZmFT
4.1.2.01.0004;13o. Salario;D;R;D;S;S;N;JDJ5JDEwJEVWb25wNHZDbmdhNW1TQnRiYmZNNmUvaGQwVEoxZjZKY1JBNWZuUVVBTUwzMkJVdS51ZmFT
4.1.2.01.0005;Indenizacoes;D;R;D;S;S;N;JDJ5JDEwJEVWb25wNHZDbmdhNW1TQnRiYmZNNmUvaGQwVEoxZjZKY1JBNWZuUVVBTUwzMkJVdS51ZmFT
4.1.2.01.0006;Seg. Acidentes Trabalho;D;R;D;S;S;N;JDJ5JDEwJEVWb25wNHZDbmdhNW1TQnRiYmZNNmUvaGQwVEoxZjZKY1JBNWZuUVVBTUwzMkJVdS51ZmFT
4.1.2.01.0007;Acoes Trabalhistas;D;R;D;S;S;N;JDJ5JDEwJEVWb25wNHZDbmdhNW1TQnRiYmZNNmUvaGQwVEoxZjZKY1JBNWZuUVVBTUwzMkJVdS51ZmFT
4.1.2.01.0008;Comissoes / Gratificacoes;D;R;D;S;S;N;JDJ5JDEwJEVWb25wNHZDbmdhNW1TQnRiYmZNNmUvaGQwVEoxZjZKY1JBNWZuUVVBTUwzMkJVdS51ZmFT
4.1.2.01.0009;DSR - Descanso Semanal Remunerado;D;R;D;S;S;N;JDJ5JDEwJEVWb25wNHZDbmdhNW1TQnRiYmZNNmUvaGQwVEoxZjZKY1JBNWZuUVVBTUwzMkJVdS51ZmFT
4.1.2.01.0010;Adicional Noturno;D;R;D;S;S;N;JDJ5JDEwJEVWb25wNHZDbmdhNW1TQnRiYmZNNmUvaGQwVEoxZjZKY1JBNWZuUVVBTUwzMkJVdS51ZmFT
4.1.2.01.0011;Adicional de Periculosidade;D;R;D;S;S;N;JDJ5JDEwJEVWb25wNHZDbmdhNW1TQnRiYmZNNmUvaGQwVEoxZjZKY1JBNWZuUVVBTUwzMkJVdS51ZmFT
4.1.2.01.0012;Adicional de Insalubridade;D;R;D;S;S;N;JDJ5JDEwJEVWb25wNHZDbmdhNW1TQnRiYmZNNmUvaGQwVEoxZjZKY1JBNWZuUVVBTUwzMkJVdS51ZmFT
4.1.2.01.0013;Horario de Percurso;D;R;D;S;S;N;JDJ5JDEwJEVWb25wNHZDbmdhNW1TQnRiYmZNNmUvaGQwVEoxZjZKY1JBNWZuUVVBTUwzMkJVdS51ZmFT
4.1.2.01.0014;Salario ProducAo;D;R;D;S;S;N;JDJ5JDEwJEVWb25wNHZDbmdhNW1TQnRiYmZNNmUvaGQwVEoxZjZKY1JBNWZuUVVBTUwzMkJVdS51ZmFT
4.1.2.01.0015;Material de EPI;D;R;D;S;S;N;JDJ5JDEwJEVWb25wNHZDbmdhNW1TQnRiYmZNNmUvaGQwVEoxZjZKY1JBNWZuUVVBTUwzMkJVdS51ZmFT
4.1.2.01.0016;Alugueis - Estdia Funcionrios;D;R;D;S;S;N;JDJ5JDEwJEVWb25wNHZDbmdhNW1TQnRiYmZNNmUvaGQwVEoxZjZKY1JBNWZuUVVBTUwzMkJVdS51ZmFT
4.1.2.01.0017;Cestas Basicas;D;R;D;S;S;N;JDJ5JDEwJEVWb25wNHZDbmdhNW1TQnRiYmZNNmUvaGQwVEoxZjZKY1JBNWZuUVVBTUwzMkJVdS51ZmFT
4.1.2.01.0018;Diaristas;D;R;D;S;S;N;JDJ5JDEwJEVWb25wNHZDbmdhNW1TQnRiYmZNNmUvaGQwVEoxZjZKY1JBNWZuUVVBTUwzMkJVdS51ZmFT
4.1.2.01.0020;Rescisoes;D;R;D;S;S;N;JDJ5JDEwJEVWb25wNHZDbmdhNW1TQnRiYmZNNmUvaGQwVEoxZjZKY1JBNWZuUVVBTUwzMkJVdS51ZmFT
4.1.2.01.0021;Adiantamento - Vale;D;R;D;S;S;N;JDJ5JDEwJEVWb25wNHZDbmdhNW1TQnRiYmZNNmUvaGQwVEoxZjZKY1JBNWZuUVVBTUwzMkJVdS51ZmFT
4.1.2.01.0022;Credito Estouro de Salario;D;R;D;S;S;N;JDJ5JDEwJEVWb25wNHZDbmdhNW1TQnRiYmZNNmUvaGQwVEoxZjZKY1JBNWZuUVVBTUwzMkJVdS51ZmFT
4.1.2.01.0023;Arrendondamento Atual;D;R;D;S;S;N;JDJ5JDEwJEVWb25wNHZDbmdhNW1TQnRiYmZNNmUvaGQwVEoxZjZKY1JBNWZuUVVBTUwzMkJVdS51ZmFT
4.1.2.01.0024;Insalubridade;D;R;D;S;S;N;JDJ5JDEwJEVWb25wNHZDbmdhNW1TQnRiYmZNNmUvaGQwVEoxZjZKY1JBNWZuUVVBTUwzMkJVdS51ZmFT
4.1.2.01.0025;Materiais para Alojamento;D;R;D;S;S;N;JDJ5JDEwJEVWb25wNHZDbmdhNW1TQnRiYmZNNmUvaGQwVEoxZjZKY1JBNWZuUVVBTUwzMkJVdS51ZmFT
4.1.2.01.0026;Despesas com Viagens;D;R;D;S;S;N;JDJ5JDEwJEVWb25wNHZDbmdhNW1TQnRiYmZNNmUvaGQwVEoxZjZKY1JBNWZuUVVBTUwzMkJVdS51ZmFT
4.1.2.01.0027;Salarios SR;D;R;D;S;S;N;JDJ5JDEwJEVWb25wNHZDbmdhNW1TQnRiYmZNNmUvaGQwVEoxZjZKY1JBNWZuUVVBTUwzMkJVdS51ZmFT
4.1.2.01.0028;Diaristas;D;R;D;S;S;N;JDJ5JDEwJEVWb25wNHZDbmdhNW1TQnRiYmZNNmUvaGQwVEoxZjZKY1JBNWZuUVVBTUwzMkJVdS51ZmFT
4.1.2.01.0029;Tickets de Alimentacao;D;R;D;S;S;N;JDJ5JDEwJEVWb25wNHZDbmdhNW1TQnRiYmZNNmUvaGQwVEoxZjZKY1JBNWZuUVVBTUwzMkJVdS51ZmFT
4.1.2.01.0030;Assitencia Medica e Social;D;R;D;S;S;N;JDJ5JDEwJEVWb25wNHZDbmdhNW1TQnRiYmZNNmUvaGQwVEoxZjZKY1JBNWZuUVVBTUwzMkJVdS51ZmFT
4.1.2.01.0031;Despesas com Área de Vivencia;D;R;D;S;S;N;JDJ5JDEwJEVWb25wNHZDbmdhNW1TQnRiYmZNNmUvaGQwVEoxZjZKY1JBNWZuUVVBTUwzMkJVdS51ZmFT
4.1.2.02.0000;ENCARGOS SOCIAIS;D;R;D;S;S;N;JDJ5JDEwJEVWb25wNHZDbmdhNW1TQnRiYmZNNmUvaGQwVEoxZjZKY1JBNWZuUVVBTUwzMkJVdS51ZmFT
4.1.2.02.0001;Despesas com INSS;D;R;D;S;S;N;JDJ5JDEwJEVWb25wNHZDbmdhNW1TQnRiYmZNNmUvaGQwVEoxZjZKY1JBNWZuUVVBTUwzMkJVdS51ZmFT
4.1.2.02.0002;Despesas com FGTS;D;R;D;S;S;N;JDJ5JDEwJEVWb25wNHZDbmdhNW1TQnRiYmZNNmUvaGQwVEoxZjZKY1JBNWZuUVVBTUwzMkJVdS51ZmFT
4.1.2.02.0003;Multa Rescisoria de FGTS;D;R;D;S;S;N;JDJ5JDEwJEVWb25wNHZDbmdhNW1TQnRiYmZNNmUvaGQwVEoxZjZKY1JBNWZuUVVBTUwzMkJVdS51ZmFT
4.1.2.02.0004;Contribuicoes Sindicais (Patronais);D;R;D;S;S;N;JDJ5JDEwJEVWb25wNHZDbmdhNW1TQnRiYmZNNmUvaGQwVEoxZjZKY1JBNWZuUVVBTUwzMkJVdS51ZmFT
4.1.2.02.0005;IRRF S/ Folha;D;R;D;S;S;N;JDJ5JDEwJEVWb25wNHZDbmdhNW1TQnRiYmZNNmUvaGQwVEoxZjZKY1JBNWZuUVVBTUwzMkJVdS51ZmFT
4.1.2.03.0000;PROVISOES;D;R;D;S;S;N;JDJ5JDEwJEVWb25wNHZDbmdhNW1TQnRiYmZNNmUvaGQwVEoxZjZKY1JBNWZuUVVBTUwzMkJVdS51ZmFT
4.1.2.03.0001;Provisoes de Ferias + 1/3;D;R;D;S;S;N;JDJ5JDEwJEVWb25wNHZDbmdhNW1TQnRiYmZNNmUvaGQwVEoxZjZKY1JBNWZuUVVBTUwzMkJVdS51ZmFT
4.1.2.03.0002;Provisao de 13o. Salario;D;R;D;S;S;N;JDJ5JDEwJEVWb25wNHZDbmdhNW1TQnRiYmZNNmUvaGQwVEoxZjZKY1JBNWZuUVVBTUwzMkJVdS51ZmFT
4.1.2.03.0003;Provisao de INSS s/ 13o. Salario;D;R;D;S;S;N;JDJ5JDEwJEVWb25wNHZDbmdhNW1TQnRiYmZNNmUvaGQwVEoxZjZKY1JBNWZuUVVBTUwzMkJVdS51ZmFT
4.1.2.03.0004;Provisao de INSS s/ Ferias;D;R;D;S;S;N;JDJ5JDEwJEVWb25wNHZDbmdhNW1TQnRiYmZNNmUvaGQwVEoxZjZKY1JBNWZuUVVBTUwzMkJVdS51ZmFT
4.1.2.03.0005;Provisao de FGTS s/ 13o. Salario;D;R;D;S;S;N;JDJ5JDEwJEVWb25wNHZDbmdhNW1TQnRiYmZNNmUvaGQwVEoxZjZKY1JBNWZuUVVBTUwzMkJVdS51ZmFT
4.1.2.03.0006;Provisao de FGTS s/ Ferias;D;R;D;S;S;N;JDJ5JDEwJEVWb25wNHZDbmdhNW1TQnRiYmZNNmUvaGQwVEoxZjZKY1JBNWZuUVVBTUwzMkJVdS51ZmFT
4.1.2.04.0000;MANUTENCOES;D;R;D;S;S;N;JDJ5JDEwJEVWb25wNHZDbmdhNW1TQnRiYmZNNmUvaGQwVEoxZjZKY1JBNWZuUVVBTUwzMkJVdS51ZmFT
4.1.2.04.0001;Manutencao de Maquinas;D;R;D;S;S;N;JDJ5JDEwJEVWb25wNHZDbmdhNW1TQnRiYmZNNmUvaGQwVEoxZjZKY1JBNWZuUVVBTUwzMkJVdS51ZmFT
4.1.2.04.0002;Manutencao de Caminhoes;D;R;D;S;S;N;JDJ5JDEwJEVWb25wNHZDbmdhNW1TQnRiYmZNNmUvaGQwVEoxZjZKY1JBNWZuUVVBTUwzMkJVdS51ZmFT
4.1.2.04.0003;Manutencao de Equipamentos;D;R;D;S;S;N;JDJ5JDEwJEVWb25wNHZDbmdhNW1TQnRiYmZNNmUvaGQwVEoxZjZKY1JBNWZuUVVBTUwzMkJVdS51ZmFT
4.1.2.04.0004;Manutencao de Implementos;D;R;D;S;S;N;JDJ5JDEwJEVWb25wNHZDbmdhNW1TQnRiYmZNNmUvaGQwVEoxZjZKY1JBNWZuUVVBTUwzMkJVdS51ZmFT
4.1.2.04.0005;Manutencao de Veiculos;D;R;D;S;S;N;JDJ5JDEwJEVWb25wNHZDbmdhNW1TQnRiYmZNNmUvaGQwVEoxZjZKY1JBNWZuUVVBTUwzMkJVdS51ZmFT
4.1.2.04.0006;Manutencao de Estabelecimento;D;R;D;S;S;N;JDJ5JDEwJEVWb25wNHZDbmdhNW1TQnRiYmZNNmUvaGQwVEoxZjZKY1JBNWZuUVVBTUwzMkJVdS51ZmFT
4.1.2.04.0007;Fretes e Carretos;D;R;D;S;S;N;JDJ5JDEwJEVWb25wNHZDbmdhNW1TQnRiYmZNNmUvaGQwVEoxZjZKY1JBNWZuUVVBTUwzMkJVdS51ZmFT
4.1.2.04.0008;Manutenção de Tratores;D;R;D;S;S;N;JDJ5JDEwJEVWb25wNHZDbmdhNW1TQnRiYmZNNmUvaGQwVEoxZjZKY1JBNWZuUVVBTUwzMkJVdS51ZmFT
4.1.2.04.0009;Manutencao de Reboques / Transbordo;D;R;D;S;S;N;JDJ5JDEwJEVWb25wNHZDbmdhNW1TQnRiYmZNNmUvaGQwVEoxZjZKY1JBNWZuUVVBTUwzMkJVdS51ZmFT
4.1.2.04.0010;Manutencao de Onibus;D;R;D;S;S;N;JDJ5JDEwJEVWb25wNHZDbmdhNW1TQnRiYmZNNmUvaGQwVEoxZjZKY1JBNWZuUVVBTUwzMkJVdS51ZmFT
4.1.2.04.0011;Manutencao Frotas Terceiros;D;R;D;S;S;N;JDJ5JDEwJEVWb25wNHZDbmdhNW1TQnRiYmZNNmUvaGQwVEoxZjZKY1JBNWZuUVVBTUwzMkJVdS51ZmFT
4.1.2.05.0000;DESPESAS ADMINISTRATIVAS;D;R;D;S;S;N;JDJ5JDEwJEVWb25wNHZDbmdhNW1TQnRiYmZNNmUvaGQwVEoxZjZKY1JBNWZuUVVBTUwzMkJVdS51ZmFT
4.1.2.05.0001;Agua e Esgoto Estabelecimento;D;R;D;S;S;N;JDJ5JDEwJEVWb25wNHZDbmdhNW1TQnRiYmZNNmUvaGQwVEoxZjZKY1JBNWZuUVVBTUwzMkJVdS51ZmFT
4.1.2.05.0002;Energia Eltrica Estabelecimento;D;R;D;S;S;N;JDJ5JDEwJEVWb25wNHZDbmdhNW1TQnRiYmZNNmUvaGQwVEoxZjZKY1JBNWZuUVVBTUwzMkJVdS51ZmFT
4.1.2.05.0003;Material de Escritorio / Limpeza;D;R;D;S;S;N;JDJ5JDEwJEVWb25wNHZDbmdhNW1TQnRiYmZNNmUvaGQwVEoxZjZKY1JBNWZuUVVBTUwzMkJVdS51ZmFT
4.1.2.05.0004;Honorarios Contabeis;D;R;D;S;S;N;JDJ5JDEwJEVWb25wNHZDbmdhNW1TQnRiYmZNNmUvaGQwVEoxZjZKY1JBNWZuUVVBTUwzMkJVdS51ZmFT
4.1.2.05.0005;Honorarios de Advogados;D;R;D;S;S;N;JDJ5JDEwJEVWb25wNHZDbmdhNW1TQnRiYmZNNmUvaGQwVEoxZjZKY1JBNWZuUVVBTUwzMkJVdS51ZmFT
4.1.2.05.0006;Material Higiene e Limpeza;D;R;D;S;S;N;JDJ5JDEwJEVWb25wNHZDbmdhNW1TQnRiYmZNNmUvaGQwVEoxZjZKY1JBNWZuUVVBTUwzMkJVdS51ZmFT
4.1.2.05.0007;Copa e Cozinha;D;R;D;S;S;N;JDJ5JDEwJEVWb25wNHZDbmdhNW1TQnRiYmZNNmUvaGQwVEoxZjZKY1JBNWZuUVVBTUwzMkJVdS51ZmFT
4.1.2.05.0008;Telefone;D;R;D;S;S;N;JDJ5JDEwJEVWb25wNHZDbmdhNW1TQnRiYmZNNmUvaGQwVEoxZjZKY1JBNWZuUVVBTUwzMkJVdS51ZmFT
4.1.2.05.0009;Internet;D;R;D;S;S;N;JDJ5JDEwJEVWb25wNHZDbmdhNW1TQnRiYmZNNmUvaGQwVEoxZjZKY1JBNWZuUVVBTUwzMkJVdS51ZmFT
4.1.2.05.0010;Programas e Softwares;D;R;D;S;S;N;JDJ5JDEwJEVWb25wNHZDbmdhNW1TQnRiYmZNNmUvaGQwVEoxZjZKY1JBNWZuUVVBTUwzMkJVdS51ZmFT
4.1.2.05.0011;TV por Assinatura;D;R;D;S;S;N;JDJ5JDEwJEVWb25wNHZDbmdhNW1TQnRiYmZNNmUvaGQwVEoxZjZKY1JBNWZuUVVBTUwzMkJVdS51ZmFT
4.1.2.05.0012;Aluguel;D;R;D;S;S;N;JDJ5JDEwJEVWb25wNHZDbmdhNW1TQnRiYmZNNmUvaGQwVEoxZjZKY1JBNWZuUVVBTUwzMkJVdS51ZmFT
4.1.2.05.0013;Farmacia;D;R;D;S;S;N;JDJ5JDEwJEVWb25wNHZDbmdhNW1TQnRiYmZNNmUvaGQwVEoxZjZKY1JBNWZuUVVBTUwzMkJVdS51ZmFT
4.1.2.05.0014;Convenio Aplacana;D;R;D;S;S;N;JDJ5JDEwJEVWb25wNHZDbmdhNW1TQnRiYmZNNmUvaGQwVEoxZjZKY1JBNWZuUVVBTUwzMkJVdS51ZmFT
4.1.2.05.0015;Relogio de Ponto;D;R;D;S;S;N;JDJ5JDEwJEVWb25wNHZDbmdhNW1TQnRiYmZNNmUvaGQwVEoxZjZKY1JBNWZuUVVBTUwzMkJVdS51ZmFT
4.1.2.05.0016;Uniformes;D;R;D;S;S;N;JDJ5JDEwJEVWb25wNHZDbmdhNW1TQnRiYmZNNmUvaGQwVEoxZjZKY1JBNWZuUVVBTUwzMkJVdS51ZmFT
4.1.2.05.0017;Demais Taxas e Impostos;D;R;D;S;S;N;JDJ5JDEwJEVWb25wNHZDbmdhNW1TQnRiYmZNNmUvaGQwVEoxZjZKY1JBNWZuUVVBTUwzMkJVdS51ZmFT
4.1.2.05.0018;Despesas Oficina;D;R;D;S;S;N;JDJ5JDEwJEVWb25wNHZDbmdhNW1TQnRiYmZNNmUvaGQwVEoxZjZKY1JBNWZuUVVBTUwzMkJVdS51ZmFT
4.1.2.05.0019;Demais Despesas Administrativas;D;R;D;S;S;N;JDJ5JDEwJEVWb25wNHZDbmdhNW1TQnRiYmZNNmUvaGQwVEoxZjZKY1JBNWZuUVVBTUwzMkJVdS51ZmFT
4.1.2.06.0000;MANUTECOES DE PROPRIEDADES;D;R;D;S;S;N;JDJ5JDEwJEVWb25wNHZDbmdhNW1TQnRiYmZNNmUvaGQwVEoxZjZKY1JBNWZuUVVBTUwzMkJVdS51ZmFT
4.1.2.06.0001;Manutencao em Propriedades;D;R;D;S;S;N;JDJ5JDEwJEVWb25wNHZDbmdhNW1TQnRiYmZNNmUvaGQwVEoxZjZKY1JBNWZuUVVBTUwzMkJVdS51ZmFT
4.1.2.06.0002;Adubos;D;R;D;S;S;N;JDJ5JDEwJEVWb25wNHZDbmdhNW1TQnRiYmZNNmUvaGQwVEoxZjZKY1JBNWZuUVVBTUwzMkJVdS51ZmFT
4.1.2.06.0003;Herbicida;D;R;D;S;S;N;JDJ5JDEwJEVWb25wNHZDbmdhNW1TQnRiYmZNNmUvaGQwVEoxZjZKY1JBNWZuUVVBTUwzMkJVdS51ZmFT
4.1.2.06.0004;Anlise de Solo;D;R;D;S;S;N;JDJ5JDEwJEVWb25wNHZDbmdhNW1TQnRiYmZNNmUvaGQwVEoxZjZKY1JBNWZuUVVBTUwzMkJVdS51ZmFT
4.1.2.06.0005;Fertilizantes;D;R;D;S;S;N;JDJ5JDEwJEVWb25wNHZDbmdhNW1TQnRiYmZNNmUvaGQwVEoxZjZKY1JBNWZuUVVBTUwzMkJVdS51ZmFT
4.1.2.06.0006;Gesso;D;R;D;S;S;N;JDJ5JDEwJEVWb25wNHZDbmdhNW1TQnRiYmZNNmUvaGQwVEoxZjZKY1JBNWZuUVVBTUwzMkJVdS51ZmFT
4.1.2.06.0007;Milho;D;R;D;S;S;N;JDJ5JDEwJEVWb25wNHZDbmdhNW1TQnRiYmZNNmUvaGQwVEoxZjZKY1JBNWZuUVVBTUwzMkJVdS51ZmFT
4.1.2.06.0008;Arrendamento - Pagamento;D;R;D;S;S;N;JDJ5JDEwJEVWb25wNHZDbmdhNW1TQnRiYmZNNmUvaGQwVEoxZjZKY1JBNWZuUVVBTUwzMkJVdS51ZmFT
4.1.2.06.0009;Farelo de Trigo;D;R;D;S;S;N;JDJ5JDEwJEVWb25wNHZDbmdhNW1TQnRiYmZNNmUvaGQwVEoxZjZKY1JBNWZuUVVBTUwzMkJVdS51ZmFT
4.1.2.06.0010;Calcario;D;R;D;S;S;N;JDJ5JDEwJEVWb25wNHZDbmdhNW1TQnRiYmZNNmUvaGQwVEoxZjZKY1JBNWZuUVVBTUwzMkJVdS51ZmFT
4.1.2.06.0011;Controle Biológico;D;R;D;S;S;N;JDJ5JDEwJEVWb25wNHZDbmdhNW1TQnRiYmZNNmUvaGQwVEoxZjZKY1JBNWZuUVVBTUwzMkJVdS51ZmFT
4.1.2.07.0000;OFICINA;D;R;D;S;S;N;JDJ5JDEwJEVWb25wNHZDbmdhNW1TQnRiYmZNNmUvaGQwVEoxZjZKY1JBNWZuUVVBTUwzMkJVdS51ZmFT
4.1.2.07.0001;Ferramentas;D;R;D;S;S;N;JDJ5JDEwJEVWb25wNHZDbmdhNW1TQnRiYmZNNmUvaGQwVEoxZjZKY1JBNWZuUVVBTUwzMkJVdS51ZmFT
4.1.2.07.0002;Oxigenio para Solda;D;R;D;S;S;N;JDJ5JDEwJEVWb25wNHZDbmdhNW1TQnRiYmZNNmUvaGQwVEoxZjZKY1JBNWZuUVVBTUwzMkJVdS51ZmFT
4.1.2.07.0003;Tornearia;D;R;D;S;S;N;JDJ5JDEwJEVWb25wNHZDbmdhNW1TQnRiYmZNNmUvaGQwVEoxZjZKY1JBNWZuUVVBTUwzMkJVdS51ZmFT
4.1.2.08.0000;SEGUROS;D;R;D;S;S;N;JDJ5JDEwJEVWb25wNHZDbmdhNW1TQnRiYmZNNmUvaGQwVEoxZjZKY1JBNWZuUVVBTUwzMkJVdS51ZmFT
4.1.2.08.0001;Seguros Tratores;D;R;D;S;S;N;JDJ5JDEwJEVWb25wNHZDbmdhNW1TQnRiYmZNNmUvaGQwVEoxZjZKY1JBNWZuUVVBTUwzMkJVdS51ZmFT
4.1.2.08.0002;Seguros de Caminhoes;D;R;D;S;S;N;JDJ5JDEwJEVWb25wNHZDbmdhNW1TQnRiYmZNNmUvaGQwVEoxZjZKY1JBNWZuUVVBTUwzMkJVdS51ZmFT
4.1.2.08.0003;Seguro Maquinas;D;R;D;S;S;N;JDJ5JDEwJEVWb25wNHZDbmdhNW1TQnRiYmZNNmUvaGQwVEoxZjZKY1JBNWZuUVVBTUwzMkJVdS51ZmFT
4.1.2.08.0004;Seguro RH;D;R;D;S;S;N;JDJ5JDEwJEVWb25wNHZDbmdhNW1TQnRiYmZNNmUvaGQwVEoxZjZKY1JBNWZuUVVBTUwzMkJVdS51ZmFT
4.1.2.08.0005;Sindicato(s);D;R;D;S;S;N;JDJ5JDEwJEVWb25wNHZDbmdhNW1TQnRiYmZNNmUvaGQwVEoxZjZKY1JBNWZuUVVBTUwzMkJVdS51ZmFT
4.1.2.08.0006;Seguros de Vida;D;R;D;S;S;N;JDJ5JDEwJEVWb25wNHZDbmdhNW1TQnRiYmZNNmUvaGQwVEoxZjZKY1JBNWZuUVVBTUwzMkJVdS51ZmFT
4.1.2.08.0007;Seguro VeIculos;D;R;D;S;S;N;JDJ5JDEwJEVWb25wNHZDbmdhNW1TQnRiYmZNNmUvaGQwVEoxZjZKY1JBNWZuUVVBTUwzMkJVdS51ZmFT
4.1.2.08.0008;Seguro Reboques;D;R;D;S;S;N;JDJ5JDEwJEVWb25wNHZDbmdhNW1TQnRiYmZNNmUvaGQwVEoxZjZKY1JBNWZuUVVBTUwzMkJVdS51ZmFT
4.1.2.08.0009;Seguro Onibus;D;R;D;S;S;N;JDJ5JDEwJEVWb25wNHZDbmdhNW1TQnRiYmZNNmUvaGQwVEoxZjZKY1JBNWZuUVVBTUwzMkJVdS51ZmFT
4.1.2.09.0000;DEPRECIACAO;D;R;D;S;S;N;JDJ5JDEwJEVWb25wNHZDbmdhNW1TQnRiYmZNNmUvaGQwVEoxZjZKY1JBNWZuUVVBTUwzMkJVdS51ZmFT
4.1.2.09.0001;Depreciacao de Maquinas;D;R;D;S;S;N;JDJ5JDEwJEVWb25wNHZDbmdhNW1TQnRiYmZNNmUvaGQwVEoxZjZKY1JBNWZuUVVBTUwzMkJVdS51ZmFT
4.1.2.09.0002;Depreciacao de Caminhoes;D;R;D;S;S;N;JDJ5JDEwJEVWb25wNHZDbmdhNW1TQnRiYmZNNmUvaGQwVEoxZjZKY1JBNWZuUVVBTUwzMkJVdS51ZmFT
4.1.2.09.0003;Depreciacao de Equipamentos;D;R;D;S;S;N;JDJ5JDEwJEVWb25wNHZDbmdhNW1TQnRiYmZNNmUvaGQwVEoxZjZKY1JBNWZuUVVBTUwzMkJVdS51ZmFT
4.1.2.09.0004;Depreciacao de Implementos;D;R;D;S;S;N;JDJ5JDEwJEVWb25wNHZDbmdhNW1TQnRiYmZNNmUvaGQwVEoxZjZKY1JBNWZuUVVBTUwzMkJVdS51ZmFT
4.1.2.09.0005;Depreciacao de Veiculos;D;R;D;S;S;N;JDJ5JDEwJEVWb25wNHZDbmdhNW1TQnRiYmZNNmUvaGQwVEoxZjZKY1JBNWZuUVVBTUwzMkJVdS51ZmFT
4.1.2.09.0006;Depreciacao de Tratores;D;R;D;S;S;N;JDJ5JDEwJEVWb25wNHZDbmdhNW1TQnRiYmZNNmUvaGQwVEoxZjZKY1JBNWZuUVVBTUwzMkJVdS51ZmFT
4.1.2.09.0007;Depreciacao de Reboques;D;R;D;S;S;N;JDJ5JDEwJEVWb25wNHZDbmdhNW1TQnRiYmZNNmUvaGQwVEoxZjZKY1JBNWZuUVVBTUwzMkJVdS51ZmFT
4.1.2.09.0008;Depreciacao de Onibus;D;R;D;S;S;N;JDJ5JDEwJEVWb25wNHZDbmdhNW1TQnRiYmZNNmUvaGQwVEoxZjZKY1JBNWZuUVVBTUwzMkJVdS51ZmFT
4.1.2.10.0000;COMBUSTIVEIS E LUBRIFICANTES;D;R;D;S;S;N;JDJ5JDEwJEVWb25wNHZDbmdhNW1TQnRiYmZNNmUvaGQwVEoxZjZKY1JBNWZuUVVBTUwzMkJVdS51ZmFT
4.1.2.10.0004;Lubrificantes;D;R;D;S;S;N;JDJ5JDEwJEVWb25wNHZDbmdhNW1TQnRiYmZNNmUvaGQwVEoxZjZKY1JBNWZuUVVBTUwzMkJVdS51ZmFT
4.1.2.10.0005;Combustivel Terceiros;D;R;D;S;S;N;JDJ5JDEwJEVWb25wNHZDbmdhNW1TQnRiYmZNNmUvaGQwVEoxZjZKY1JBNWZuUVVBTUwzMkJVdS51ZmFT
4.1.2.11.0000;LICENCIAMENTOS E TAXAS;D;R;D;S;S;N;JDJ5JDEwJEVWb25wNHZDbmdhNW1TQnRiYmZNNmUvaGQwVEoxZjZKY1JBNWZuUVVBTUwzMkJVdS51ZmFT
4.1.2.11.0001;Impostos - IPVA;D;R;D;S;S;N;JDJ5JDEwJEVWb25wNHZDbmdhNW1TQnRiYmZNNmUvaGQwVEoxZjZKY1JBNWZuUVVBTUwzMkJVdS51ZmFT
4.1.2.11.0002;Licenciamentos;D;R;D;S;S;N;JDJ5JDEwJEVWb25wNHZDbmdhNW1TQnRiYmZNNmUvaGQwVEoxZjZKY1JBNWZuUVVBTUwzMkJVdS51ZmFT
4.1.2.11.0003;Seguro DPVAT;D;R;D;S;S;N;JDJ5JDEwJEVWb25wNHZDbmdhNW1TQnRiYmZNNmUvaGQwVEoxZjZKY1JBNWZuUVVBTUwzMkJVdS51ZmFT
4.1.2.11.0004;Emplacamento;D;R;D;S;S;N;JDJ5JDEwJEVWb25wNHZDbmdhNW1TQnRiYmZNNmUvaGQwVEoxZjZKY1JBNWZuUVVBTUwzMkJVdS51ZmFT
4.1.2.11.0005;Faixas Refletivas;D;R;D;S;S;N;JDJ5JDEwJEVWb25wNHZDbmdhNW1TQnRiYmZNNmUvaGQwVEoxZjZKY1JBNWZuUVVBTUwzMkJVdS51ZmFT
4.1.2.11.0006;Transferencias;D;R;D;S;S;N;JDJ5JDEwJEVWb25wNHZDbmdhNW1TQnRiYmZNNmUvaGQwVEoxZjZKY1JBNWZuUVVBTUwzMkJVdS51ZmFT
4.1.2.11.0007;Licencas AET;D;R;D;S;S;N;JDJ5JDEwJEVWb25wNHZDbmdhNW1TQnRiYmZNNmUvaGQwVEoxZjZKY1JBNWZuUVVBTUwzMkJVdS51ZmFT
4.1.2.11.0008;Demais Taxas Vinculadas ? Veiculos;D;R;D;S;S;N;JDJ5JDEwJEVWb25wNHZDbmdhNW1TQnRiYmZNNmUvaGQwVEoxZjZKY1JBNWZuUVVBTUwzMkJVdS51ZmFT
4.1.2.12.0000;IMPOSTOS;D;R;D;S;S;N;JDJ5JDEwJEVWb25wNHZDbmdhNW1TQnRiYmZNNmUvaGQwVEoxZjZKY1JBNWZuUVVBTUwzMkJVdS51ZmFT
4.1.2.12.0001;Pis;D;R;D;S;S;N;JDJ5JDEwJEVWb25wNHZDbmdhNW1TQnRiYmZNNmUvaGQwVEoxZjZKY1JBNWZuUVVBTUwzMkJVdS51ZmFT
4.1.2.12.0002;Cofins;D;R;D;S;S;N;JDJ5JDEwJEVWb25wNHZDbmdhNW1TQnRiYmZNNmUvaGQwVEoxZjZKY1JBNWZuUVVBTUwzMkJVdS51ZmFT
4.1.2.12.0003;ITR;D;R;D;S;S;N;JDJ5JDEwJEVWb25wNHZDbmdhNW1TQnRiYmZNNmUvaGQwVEoxZjZKY1JBNWZuUVVBTUwzMkJVdS51ZmFT
4.1.2.12.0004;IRPJ;D;R;D;S;S;N;JDJ5JDEwJEVWb25wNHZDbmdhNW1TQnRiYmZNNmUvaGQwVEoxZjZKY1JBNWZuUVVBTUwzMkJVdS51ZmFT
4.1.2.12.0005;CSLL;D;R;D;S;S;N;JDJ5JDEwJEVWb25wNHZDbmdhNW1TQnRiYmZNNmUvaGQwVEoxZjZKY1JBNWZuUVVBTUwzMkJVdS51ZmFT
4.1.2.12.0006;Simples Nacional;D;R;D;S;S;N;JDJ5JDEwJEVWb25wNHZDbmdhNW1TQnRiYmZNNmUvaGQwVEoxZjZKY1JBNWZuUVVBTUwzMkJVdS51ZmFT
4.1.2.13.0000;CUSTOS PECUARIOS;D;R;D;S;S;N;JDJ5JDEwJEVWb25wNHZDbmdhNW1TQnRiYmZNNmUvaGQwVEoxZjZKY1JBNWZuUVVBTUwzMkJVdS51ZmFT
4.1.2.13.0001;Aquisicao de Bovinos;D;R;D;S;S;N;JDJ5JDEwJEVWb25wNHZDbmdhNW1TQnRiYmZNNmUvaGQwVEoxZjZKY1JBNWZuUVVBTUwzMkJVdS51ZmFT
4.1.2.13.0002;Aquisicao de Aves;D;R;D;S;S;N;JDJ5JDEwJEVWb25wNHZDbmdhNW1TQnRiYmZNNmUvaGQwVEoxZjZKY1JBNWZuUVVBTUwzMkJVdS51ZmFT
4.1.2.13.0003;Aquisicao de Suinos;D;R;D;S;S;N;JDJ5JDEwJEVWb25wNHZDbmdhNW1TQnRiYmZNNmUvaGQwVEoxZjZKY1JBNWZuUVVBTUwzMkJVdS51ZmFT
4.1.2.13.0004;Medicamentos Veterinarios;D;R;D;S;S;N;JDJ5JDEwJEVWb25wNHZDbmdhNW1TQnRiYmZNNmUvaGQwVEoxZjZKY1JBNWZuUVVBTUwzMkJVdS51ZmFT
4.1.2.14.0000;GASTOS COM TERCEIROS;D;R;D;S;S;N;JDJ5JDEwJEVWb25wNHZDbmdhNW1TQnRiYmZNNmUvaGQwVEoxZjZKY1JBNWZuUVVBTUwzMkJVdS51ZmFT
4.1.2.14.0001;Terceiros - Transporte de Cana;D;R;D;S;S;N;JDJ5JDEwJEVWb25wNHZDbmdhNW1TQnRiYmZNNmUvaGQwVEoxZjZKY1JBNWZuUVVBTUwzMkJVdS51ZmFT
4.1.2.14.0002;Terceiros - Plantio;D;R;D;S;S;N;JDJ5JDEwJEVWb25wNHZDbmdhNW1TQnRiYmZNNmUvaGQwVEoxZjZKY1JBNWZuUVVBTUwzMkJVdS51ZmFT
4.1.2.14.0003;Terceiros - Corte;D;R;D;S;S;N;JDJ5JDEwJEVWb25wNHZDbmdhNW1TQnRiYmZNNmUvaGQwVEoxZjZKY1JBNWZuUVVBTUwzMkJVdS51ZmFT
4.1.2.15.0000;DESPESAS DE CONSORCIOS;D;R;D;S;S;N;JDJ5JDEwJEVWb25wNHZDbmdhNW1TQnRiYmZNNmUvaGQwVEoxZjZKY1JBNWZuUVVBTUwzMkJVdS51ZmFT
4.1.2.15.0001;Despesa com consorcios;D;R;D;S;S;N;JDJ5JDEwJEVWb25wNHZDbmdhNW1TQnRiYmZNNmUvaGQwVEoxZjZKY1JBNWZuUVVBTUwzMkJVdS51ZmFT
4.1.2.16.0000;PRO LABORE;D;R;D;S;S;N;JDJ5JDEwJEVWb25wNHZDbmdhNW1TQnRiYmZNNmUvaGQwVEoxZjZKY1JBNWZuUVVBTUwzMkJVdS51ZmFT
4.1.2.16.0001;Pro Labore - Evandro Muniz;D;R;D;S;S;N;JDJ5JDEwJEVWb25wNHZDbmdhNW1TQnRiYmZNNmUvaGQwVEoxZjZKY1JBNWZuUVVBTUwzMkJVdS51ZmFT
4.1.2.16.0002;Pro Labore - Luiz Trovo;D;R;D;S;S;N;JDJ5JDEwJEVWb25wNHZDbmdhNW1TQnRiYmZNNmUvaGQwVEoxZjZKY1JBNWZuUVVBTUwzMkJVdS51ZmFT
4.1.2.17.0000;ABATIMENTOS - USINA;D;R;D;S;S;N;JDJ5JDEwJEVWb25wNHZDbmdhNW1TQnRiYmZNNmUvaGQwVEoxZjZKY1JBNWZuUVVBTUwzMkJVdS51ZmFT
4.1.2.18.0000;DEPRECIACOES;D;R;D;S;S;N;JDJ5JDEwJEVWb25wNHZDbmdhNW1TQnRiYmZNNmUvaGQwVEoxZjZKY1JBNWZuUVVBTUwzMkJVdS51ZmFT
4.1.2.19.0000;DESPESAS ATIVIDADE CANA;D;R;D;N;N;N;JDJ5JDEwJEVWb25wNHZDbmdhNW1TQnRiYmZNNmUvaGQwVEoxZjZKY1JBNWZuUVVBTUwzMkJVdS51ZmFT
4.1.2.19.0001;Compra de Muda Cana de Açucar;D;R;D;S;S;N;JDJ5JDEwJEVWb25wNHZDbmdhNW1TQnRiYmZNNmUvaGQwVEoxZjZKY1JBNWZuUVVBTUwzMkJVdS51ZmFT
4.2.0.00.0000;DESPESAS NAO OPERACIONAIS;D;R;D;S;S;N;JDJ5JDEwJEVWb25wNHZDbmdhNW1TQnRiYmZNNmUvaGQwVEoxZjZKY1JBNWZuUVVBTUwzMkJVdS51ZmFT
4.2.1.00.0000;DESPESAS NAO OPERACIONAIS;D;R;D;S;S;N;JDJ5JDEwJEVWb25wNHZDbmdhNW1TQnRiYmZNNmUvaGQwVEoxZjZKY1JBNWZuUVVBTUwzMkJVdS51ZmFT
4.2.1.01.0000;DESPESAS FINANCEIRAS;D;R;D;S;S;N;JDJ5JDEwJEVWb25wNHZDbmdhNW1TQnRiYmZNNmUvaGQwVEoxZjZKY1JBNWZuUVVBTUwzMkJVdS51ZmFT
4.2.1.01.0001;Tarifas Bancarias;D;R;D;S;S;N;JDJ5JDEwJEVWb25wNHZDbmdhNW1TQnRiYmZNNmUvaGQwVEoxZjZKY1JBNWZuUVVBTUwzMkJVdS51ZmFT
4.2.1.01.0002;Juros de boleto;D;R;D;S;S;N;JDJ5JDEwJEVWb25wNHZDbmdhNW1TQnRiYmZNNmUvaGQwVEoxZjZKY1JBNWZuUVVBTUwzMkJVdS51ZmFT
4.2.1.01.0003;Juros Pagamentos em atraso;D;R;D;S;S;N;JDJ5JDEwJEVWb25wNHZDbmdhNW1TQnRiYmZNNmUvaGQwVEoxZjZKY1JBNWZuUVVBTUwzMkJVdS51ZmFT
4.2.1.01.0004;Taxas Cartorrias por atraso;D;R;D;S;S;N;JDJ5JDEwJEVWb25wNHZDbmdhNW1TQnRiYmZNNmUvaGQwVEoxZjZKY1JBNWZuUVVBTUwzMkJVdS51ZmFT
4.2.1.01.0005;Juros de Parcelamentos;D;R;D;S;S;N;JDJ5JDEwJEVWb25wNHZDbmdhNW1TQnRiYmZNNmUvaGQwVEoxZjZKY1JBNWZuUVVBTUwzMkJVdS51ZmFT
4.2.1.01.0006;Juros de Emprestimos;D;R;D;S;S;N;JDJ5JDEwJEVWb25wNHZDbmdhNW1TQnRiYmZNNmUvaGQwVEoxZjZKY1JBNWZuUVVBTUwzMkJVdS51ZmFT
4.2.1.01.0007;Juros de Financiamentos;D;R;D;S;S;N;JDJ5JDEwJEVWb25wNHZDbmdhNW1TQnRiYmZNNmUvaGQwVEoxZjZKY1JBNWZuUVVBTUwzMkJVdS51ZmFT
4.2.1.01.0008;Taxa por Antecipacao de Credito;D;R;D;S;S;N;JDJ5JDEwJEVWb25wNHZDbmdhNW1TQnRiYmZNNmUvaGQwVEoxZjZKY1JBNWZuUVVBTUwzMkJVdS51ZmFT
4.2.1.01.0009;Descontos Concedidos;D;R;D;S;S;N;JDJ5JDEwJEVWb25wNHZDbmdhNW1TQnRiYmZNNmUvaGQwVEoxZjZKY1JBNWZuUVVBTUwzMkJVdS51ZmFT
4.2.1.01.0010;Pagamento compra veículos financiados;D;R;D;S;S;N;JDJ5JDEwJEVWb25wNHZDbmdhNW1TQnRiYmZNNmUvaGQwVEoxZjZKY1JBNWZuUVVBTUwzMkJVdS51ZmFT
4.2.1.02.0000;MULTAS;D;R;D;S;S;N;JDJ5JDEwJEVWb25wNHZDbmdhNW1TQnRiYmZNNmUvaGQwVEoxZjZKY1JBNWZuUVVBTUwzMkJVdS51ZmFT
4.2.1.02.0001;Multas de Boleto;D;R;D;S;S;N;JDJ5JDEwJEVWb25wNHZDbmdhNW1TQnRiYmZNNmUvaGQwVEoxZjZKY1JBNWZuUVVBTUwzMkJVdS51ZmFT
4.2.1.02.0002;Multas Ambientais;D;R;D;S;S;N;JDJ5JDEwJEVWb25wNHZDbmdhNW1TQnRiYmZNNmUvaGQwVEoxZjZKY1JBNWZuUVVBTUwzMkJVdS51ZmFT
4.2.1.02.0003;Multas - TAC;D;R;D;S;S;N;JDJ5JDEwJEVWb25wNHZDbmdhNW1TQnRiYmZNNmUvaGQwVEoxZjZKY1JBNWZuUVVBTUwzMkJVdS51ZmFT
4.2.1.02.0004;Multas de Transito;D;R;D;S;S;N;JDJ5JDEwJEVWb25wNHZDbmdhNW1TQnRiYmZNNmUvaGQwVEoxZjZKY1JBNWZuUVVBTUwzMkJVdS51ZmFT
4.2.1.04.0000;DESCONTOS - USINA;D;R;D;S;S;N;JDJ5JDEwJEVWb25wNHZDbmdhNW1TQnRiYmZNNmUvaGQwVEoxZjZKY1JBNWZuUVVBTUwzMkJVdS51ZmFT
4.2.1.05.0000;CUSTO DAS MERCADORIAS VENDIDAS;D;R;D;S;S;N;JDJ5JDEwJEVWb25wNHZDbmdhNW1TQnRiYmZNNmUvaGQwVEoxZjZKY1JBNWZuUVVBTUwzMkJVdS51ZmFT
4.2.1.05.0001;Custo Mercadorias Vendidas em estoque;D;R;D;S;S;N;JDJ5JDEwJEVWb25wNHZDbmdhNW1TQnRiYmZNNmUvaGQwVEoxZjZKY1JBNWZuUVVBTUwzMkJVdS51ZmFT
;;;;;;;;
;;;;;;;;
;;;;;;;;
;;;;;;;;
;;;;;;;;
;;;;;;;;
;;;;;;;;
;;;;;;;;
;;;;;;;;
;;;;;;;;
;;;;;;;;
;;;;;;;;
;;;;;;;;
;;;;;;;;
;;;;;;;;
;;;;;;;;
;;;;;;;;
;;;;;;;;
;;;;;;;;
;;;;;;;;
;;;;;;;;
;;;;;;;;
;;;;;;;;
;;;;;;;;
;;;;;;;;
;;;;;;;;
;;;;;;;;
;;;;;;;;
;;;;;;;;
;;;;;;;;
;;;;;;;;
;;;;;;;;
;;;;;;;;
;;;;;;;;
;;;;;;;;
;;;;;;;;
;;;;;;;;
;;;;;;;;
;;;;;;;;
;;;;;;;;
;;;;;;;;
;;;;;;;;
;;;;;;;;
;;;;;;;;
;;;;;;;;
;;;;;;;;
;;;;;;;;
;;;;;;;;
;;;;;;;;
